{"metadata":{"asset_id":"2959d3ce-1b0c-409f-b004-793f1e8f0c0b","asset_attributes":["data_asset"],"name":"bank-marketing-data.csv","asset_type":"data_asset","created_at":"2022-11-15T14:32:38Z","origin_country":"us","owner_id":"1000331005","space_id":"700748ab-288d-4c25-86a3-c286e066d3cc","size":371019,"usage":{"last_update_time":1668522758350,"last_updated_at":"2022-11-15T14:32:38Z"}},"entity":{"data_asset":{"mime_type":"text/csv","dataset":false}},"attachments":[{"id":"0c50d836-690f-41f5-a18b-f9b6aabea05d","version":2,"asset_type":"data_asset","name":"bank-marketing-data.csv","mime":"text/csv","datasource_type":"81bafdbd-b7c6-45c5-a4fd-6ec135f66f4e","object_key":"data_asset/bank_marketing_data_csv_q8y27lmykecrh3jf9bija4il.csv","creator_id":"1000331005","create_time":1668522758276,"size":371019,"is_remote":false,"is_managed":false,"is_referenced":true,"is_object_key_read_only":false,"is_user_provided_path_key":true,"transfer_complete":true,"is_partitioned":false,"complete_time_ticks":1668522284403,"user_data":{},"test_doc":0,"handle":{"key":"data_asset/bank_marketing_data_csv_q8y27lmykecrh3jf9bija4il.csv","upload_id":"done","max_part_num":1},"usage":{"access_count":1,"last_accessor_id":"1000331005","last_access_time":1668522758276}}]}