{"metadata":{"asset_id":"030d9431-a1a3-4c0e-90a5-f8835b61e1b0","asset_attributes":["data_asset"],"name":"bank-marketing-data.csv","asset_type":"data_asset","created_at":"2022-11-15T14:24:44Z","origin_country":"us","owner_id":"1000331005","project_id":"055c053a-9722-4928-970f-b0665b52ac17","size":371019,"usage":{"last_update_time":1668522284376,"last_updated_at":"2022-11-15T14:24:44Z"}},"entity":{"data_asset":{"mime_type":"text/csv","dataset":false}},"attachments":[{"id":"5081eb05-e567-46b7-afd5-683d3d15227a","version":2,"asset_type":"data_asset","name":"bank-marketing-data.csv","mime":"text/csv","datasource_type":"81bafdbd-b7c6-45c5-a4fd-6ec135f66f4e","object_key":"data_asset/bank-marketing-data.csv","creator_id":"1000331005","create_time":1668522284403,"size":371019,"is_remote":false,"is_managed":false,"is_referenced":true,"is_object_key_read_only":true,"is_user_provided_path_key":true,"transfer_complete":true,"is_partitioned":false,"complete_time_ticks":1668522284403,"user_data":{},"test_doc":0,"handle":{"key":"data_asset/bank-marketing-data.csv","upload_id":"done","max_part_num":1},"usage":{"access_count":0,"last_accessor_id":"1000331005","last_access_time":1668522284403}}]}